,run,run,total_ev_served,total_ev_served,total_profits,total_profits,total_energy_charged,total_energy_charged,total_energy_discharged,total_energy_discharged,average_user_satisfaction,average_user_satisfaction,power_tracker_violation,power_tracker_violation,tracking_error,tracking_error,energy_user_satisfaction,energy_user_satisfaction,total_transformer_overload,total_transformer_overload,battery_degradation,battery_degradation,battery_degradation_calendar,battery_degradation_calendar,battery_degradation_cycling,battery_degradation_cycling
,mean,std,mean,std,mean,std,mean,std,mean,std,mean,std,mean,std,mean,std,mean,std,mean,std,mean,std,mean,std,mean,std
Algorithm,,,,,,,,,,,,,,,,,,,,,,,,,,
ChargeAsFastAsPossible,0.5,0.7071067811865476,37.5,6.363961030678928,-122.58451480157831,31.910215293713545,576.2262046857072,138.17239761777262,0.0,0.0,1.0,0.0,1043.261425205502,173.15977252590588,59229.36534871324,25274.533477007004,100.0,0.0,139.58769043819686,197.4068049580352,0.025452142596104663,0.006137120956971132,0.0005972876887807505,9.607386053290501e-05,0.024854854907323913,0.0060410470964382245
ChargeAsLateAsPossible,0.5,0.7071067811865476,37.5,6.363961030678928,-115.76686103890802,27.39021449783269,576.2262046857072,138.17239761777262,0.0,0.0,1.0,0.0,1111.4593442434175,239.8540415340467,198144.7849655517,56317.378175322425,100.0,0.0,1374.9194128735894,324.0670720315954,0.025400648773931146,0.006128740671682506,0.0005457938666072296,8.76935752442801e-05,0.024854854907323913,0.0060410470964382245
RoundRobin,1.0,0.0,42.0,0.0,-131.77260086980385,0.0,644.0009378648241,0.0,0.0,0.0,0.9843167125103109,0.0,0.0002443399548006653,0.0,7009.972241848632,0.0,98.57486161194217,0.0,0.0,0.0,0.02930026706818725,0.0,0.0006422776160225837,0.0,0.028657989452164665,0.0
