{"epoch/return": 4.8112241575820995, "epoch/ev_served": 8, "epoch/profits": 4.8112241575820995, "epoch/energy_charged": 322.19541516760427, "epoch/energy_discharged": 80.33178309258142, "epoch/user_satisfaction": 1.0, "_timestamp": 1694422682.719229, "_runtime": 183.23054003715515, "_step": 578}