"Arrival Time","home","public","work"
"00:00",30.8297799511002,20.8705986179664
"05:00",22.0435135135135,20.2595417709451,10.8555097087379
"00:30",32.0270384615385,20.894369779523
"05:30",21.0539655172414,19.7498010971903,13.5385333333333
"01:00",32.4321327967807,21.0355386961029
"06:00",20.6445652173913,19.1001881870259,12.2773303249097
"01:30",32.504872611465,21.4336501128668
"06:30",21.4597902097902,18.6876522134765,13.5467311178248
"02:00",29.508,21.6300245220831
"07:00",17.5342777777778,16.6522399668831,11.9299762859051
"02:30",26.4673456790123,21.2612758882766
"07:30",18.5670903010033,15.2372158312939,14.9624647058824
"03:00",25.5109868421053,21.5867240009928
"08:00",14.6170186335404,13.5239781446692,15.5212659069326
"03:30",24.0668932038835,20.9675673801628
"08:30",11.9508457711443,12.51936726662,15.5015342203044
"04:00",20.741935483871,19.5440361578802
"09:00",14.6515178571429,12.2825301037311,14.8664171615202
"04:30",21.8844444444444,20.5736627750337
"09:30",14.2556723716381,12.7185987265251,14.6552436532508
"10:00",15.2543318965517,12.5175843184934,14.3999800796813
"10:30",13.9940733590734,12.8292169687832,14.7523503800968
"11:00",14.5494482758621,12.7073268167037,14.5278352272727
"11:30",14.96,12.962767348338,13.9883110328638
"12:00",15.4663074712644,12.8498847984186,14.3375231092437
"12:30",15.4995989650712,13.0149138892309,15.2775230202578
"13:00",15.9256538461538,12.9705010402643,13.9605015948963
"13:30",16.4996695226438,13.4206320002747,13.6947259858443
"14:00",17.5761047835991,13.8197522131234,12.8379856287425
"14:30",18.2843021032505,14.5824257545294,12.294854517611
"15:00",19.1103674540682,15.1397130475545,12.5210486223663
"15:30",19.9887250996016,15.9356384370689,12.2010671378092
"16:00",21.7328698412698,16.3541246052123,11.4978145956607
"16:30",22.088358291736,16.6677228815799,11.4904512195122
"17:00",22.2276568670469,16.6894238471996,12.5883872053872
"17:30",22.475650815689,16.389596399192,15.1986052631579
"18:00",24.4175852182224,16.1815682683545,12.7401105527638
"18:30",24.8914479495268,16.8275300538981,12.0279777777778
"19:00",26.9854277797021,17.3369007149821
"19:30",27.8613100961538,18.0725522231033
"20:00",28.6581786185658,18.6578304604925
"20:30",29.5004693289419,19.5963049829675
"21:00",28.6974755700326,20.2645584524877
"21:30",29.4559831223629,20.5896655165116
"22:00",29.9467628607277,20.4503061258468
"22:30",30.3777458136539,20.3341998387897
"23:00",30.489440433213,20.4142983779764
"23:30",31.0691849710983,20.570283619716